{"stat.drop.minecraft.stone_pickaxe":2,"stat.craftItem.minecraft.diamond_chestplate":1,"stat.drop.minecraft.mutton":4,"stat.pickup.minecraft.bone":13,"stat.craftItem.minecraft.diamond_leggings":1,"stat.useItem.minecraft.iron_axe":11,"stat.leaveGame":2,"stat.mineBlock.minecraft.cobblestone":12,"stat.drop.minecraft.gunpowder":1,"stat.pickup.minecraft.stone_pickaxe":3,"stat.pickup.minecraft.flint":1,"stat.craftItem.minecraft.iron_axe":1,"stat.useItem.minecraft.mutton":12,"stat.swimOneCm":82916,"stat.useItem.minecraft.planks":56,"stat.craftItem.minecraft.shield":1,"stat.climbOneCm":1083,"stat.drop.minecraft.cobblestone":15,"stat.pickup.minecraft.porkchop":77,"stat.useItem.minecraft.obsidian":12,"stat.useItem.minecraft.dirt":40,"stat.pickup.minecraft.iron_boots":1,"stat.useItem.minecraft.water_bucket":34,"stat.pickup.minecraft.rotten_flesh":29,"stat.craftItem.minecraft.furnace":1,"stat.pickup.minecraft.enchanting_table":1,"stat.craftItem.minecraft.stone_axe":1,"stat.craftItem.minecraft.iron_boots":1,"stat.craftItem.minecraft.stone_pickaxe":1,"stat.craftItem.minecraft.cooked_beef":1,"stat.mineBlock.minecraft.obsidian":13,"stat.killEntity.Enderman":2,"stat.pickup.minecraft.cobblestone":493,"stat.craftItem.minecraft.stone_sword":1,"stat.flyOneCm":405240,"stat.drop.minecraft.wheat_seeds":12,"stat.useItem.minecraft.cooked_beef":1,"stat.pickup.minecraft.redstone":56,"stat.mineBlock.minecraft.iron_ore":117,"stat.craftItem.minecraft.book":1,"stat.timeSinceDeath":161710,"stat.useItem.minecraft.iron_pickaxe":170,"stat.craftItem.minecraft.wooden_pickaxe":1,"stat.pickup.minecraft.mutton":32,"stat.drop.minecraft.cooked_mutton":2,"stat.drop.minecraft.coal":4,"stat.craftItem.minecraft.bed":2,"stat.craftItem.minecraft.golden_carrot":12,"stat.furnaceInteraction":41,"stat.mineBlock.minecraft.enchanting_table":1,"stat.drop.minecraft.gravel":7,"stat.useItem.minecraft.golden_carrot":2,"stat.useItem.minecraft.cooked_porkchop":5,"stat.killEntity.ZombieVillager":2,"stat.drop.minecraft.beetroot_seeds":31,"stat.mineBlock.minecraft.coal_ore":82,"stat.killEntity.Creeper":1,"stat.talkedToVillager":8,"stat.drop.minecraft.red_flower":6,"stat.pickup.minecraft.string":3,"stat.pickup.minecraft.beef":22,"stat.pickup.minecraft.furnace":7,"stat.useItem.minecraft.cooked_mutton":1,"stat.sprintOneCm":293455,"stat.drop.minecraft.leather":4,"stat.craftItem.minecraft.stick":44,"stat.useItem.minecraft.bed":4,"stat.craftItem.minecraft.gold_nugget":108,"stat.mineBlock.minecraft.diamond_ore":57,"stat.useItem.minecraft.flint_and_steel":1,"stat.useItem.minecraft.wheat_seeds":5,"stat.mineBlock.minecraft.crafting_table":12,"stat.useItem.minecraft.diamond_pickaxe":920,"stat.useItem.minecraft.carrot":22,"stat.useItem.minecraft.bucket":35,"stat.useItem.minecraft.beef":7,"stat.deaths":1,"stat.drop":62,"stat.drop.minecraft.golden_carrot":2,"stat.playOneMinute":185507,"stat.drop.minecraft.string":3,"stat.killEntity.Sheep":14,"stat.craftItem.minecraft.iron_pickaxe":1,"stat.drop.minecraft.iron_boots":1,"stat.craftItem.minecraft.diamond_pickaxe":1,"stat.killEntity.Zombie":25,"stat.craftItem.minecraft.diamond_axe":1,"stat.mineBlock.minecraft.gold_ore":42,"stat.mineBlock.minecraft.tallgrass":22,"stat.craftItem.minecraft.cooked_mutton":3,"stat.pickup.minecraft.netherrack":7,"stat.diveOneCm":26927,"stat.drop.minecraft.diamond_pickaxe":3,"stat.pickup.minecraft.wheat":9,"stat.chestOpened":2,"stat.useItem.minecraft.stone":36,"stat.drop.minecraft.wooden_pickaxe":1,"stat.mineBlock.minecraft.netherrack":11,"stat.pickup.minecraft.gravel":7,"stat.pickup.minecraft.arrow":10,"stat.craftItem.minecraft.cooked_porkchop":23,"stat.useItem.minecraft.diamond_axe":79,"stat.pickup.minecraft.obsidian":16,"stat.useItem.minecraft.porkchop":27,"stat.pickup.minecraft.gold_nugget":2,"stat.jump":2609,"stat.pickup.minecraft.coal":156,"stat.fallOneCm":45008,"stat.pickup.minecraft.iron_ingot":2,"stat.drop.minecraft.stone":31,"stat.pickup.minecraft.carrot":34,"stat.useItem.minecraft.stone_axe":92,"stat.drop.minecraft.stone_sword":2,"stat.craftItem.minecraft.bread":1,"stat.pickup.minecraft.gunpowder":1,"stat.crouchOneCm":61047,"stat.craftItem.minecraft.torch":104,"stat.craftItem.minecraft.iron_ingot":99,"stat.pickup.minecraft.dirt":97,"stat.craftItem.minecraft.iron_helmet":1,"stat.craftingTableInteraction":38,"stat.pickup.minecraft.iron_ore":135,"stat.pickup.minecraft.gold_ore":42,"stat.mineBlock.minecraft.lapis_ore":13,"stat.craftItem.minecraft.flint_and_steel":1,"stat.pickup.minecraft.wooden_pickaxe":1,"stat.damageTaken":1746,"stat.pickup.minecraft.leather":14,"stat.drop.minecraft.iron_leggings":1,"stat.mineBlock.minecraft.furnace":6,"stat.mineBlock.minecraft.torch":10,"stat.useItem.minecraft.wooden_pickaxe":3,"stat.useItem.minecraft.furnace":6,"stat.pickup.minecraft.dye":70,"stat.pickup.minecraft.planks":11,"stat.pickup.minecraft.reeds":18,"stat.pickup.minecraft.bed":3,"stat.pickup.minecraft.wheat_seeds":22,"stat.pickup.minecraft.diamond_axe":1,"stat.mineBlock.minecraft.gravel":8,"stat.useItem.minecraft.stone_pickaxe":57,"stat.breakItem.minecraft.stone_axe":1,"stat.useItem.minecraft.stone_sword":37,"stat.craftItem.minecraft.iron_leggings":1,"stat.useItem.minecraft.enchanting_table":2,"stat.damageDealt":12862,"stat.sleepInBed":4,"stat.killEntity.Cow":6,"stat.mineBlock.minecraft.dirt":35,"stat.useItem.minecraft.crafting_table":14,"stat.killEntity.Pig":25,"stat.drop.minecraft.stick":4,"stat.walkOneCm":409810,"stat.useItem.minecraft.bread":1,"stat.useItem.minecraft.torch":109,"stat.drop.minecraft.wheat":2,"stat.pickup.minecraft.stick":2,"stat.pickup.minecraft.diamond_pickaxe":3,"stat.pickup.minecraft.crafting_table":14,"stat.useItem.minecraft.cobblestone":197,"stat.craftItem.minecraft.crafting_table":3,"stat.mineBlock.minecraft.double_plant":2,"stat.drop.minecraft.diamond_axe":1,"stat.pickup.minecraft.log":63,"stat.drop.minecraft.iron_chestplate":1,"stat.craftItem.minecraft.gold_ingot":43,"stat.pickup.minecraft.stone":67,"stat.drop.minecraft.planks":1,"stat.drop.minecraft.sapling":6,"stat.craftItem.minecraft.iron_chestplate":1,"stat.drop.minecraft.gold_nugget":2,"stat.pickup.minecraft.sapling":6,"stat.pickup.minecraft.ender_pearl":2,"stat.killEntity.Skeleton":8,"stat.pickup.minecraft.beetroot":28,"stat.craftItem.minecraft.bucket":2,"stat.craftItem.minecraft.planks":108,"stat.itemEnchanted":8,"stat.killEntity.Spider":8,"stat.pickup.minecraft.stone_sword":2,"stat.pickup.minecraft.bread":5,"stat.mineBlock.minecraft.quartz_ore":10,"stat.mobKills":91,"stat.mineBlock.minecraft.log":28,"stat.pickup.minecraft.quartz":10,"stat.pickup.minecraft.diamond":57,"stat.pickup.minecraft.beetroot_seeds":62,"stat.mineBlock.minecraft.leaves":1,"stat.craftItem.minecraft.paper":3,"stat.pickup.minecraft.torch":29,"stat.pickup.minecraft.red_flower":9,"stat.mineBlock.minecraft.redstone_ore":14,"stat.sneakTime":19519,"stat.pickup.minecraft.wool":28,"stat.drop.minecraft.beef":6,"stat.drop.minecraft.bucket":1,"stat.drop.minecraft.arrow":9,"stat.mineBlock.minecraft.stone":752,"stat.craftItem.minecraft.enchanting_table":1}