{"stat.drop.minecraft.mutton":4,"stat.leaveGame":5,"stat.drop.minecraft.gunpowder":1,"stat.craftItem.minecraft.iron_axe":1,"stat.useItem.minecraft.soul_sand":1,"stat.killEntity.Blaze":29,"stat.useItem.minecraft.mutton":12,"stat.useItem.minecraft.planks":56,"stat.craftItem.minecraft.shield":2,"stat.pickup.minecraft.porkchop":77,"stat.useItem.minecraft.water_bucket":65,"stat.pickup.minecraft.rotten_flesh":33,"stat.killEntity.Donkey":1,"stat.craftItem.minecraft.stone_axe":1,"stat.killEntity.Enderman":2,"stat.craftItem.minecraft.stone_sword":1,"stat.useItem.minecraft.anvil":1,"stat.useItem.minecraft.ender_pearl":2,"stat.useItem.minecraft.iron_pickaxe":170,"stat.drop.minecraft.diamond":3,"stat.craftItem.minecraft.wooden_pickaxe":1,"stat.drop.minecraft.cooked_mutton":2,"stat.pickup.minecraft.ghast_tear":1,"stat.craftItem.minecraft.bed":2,"stat.craftItem.minecraft.golden_carrot":44,"stat.furnaceInteraction":47,"stat.drop.minecraft.gravel":7,"stat.useItem.minecraft.golden_carrot":12,"stat.killEntity.ZombieVillager":2,"stat.drop.minecraft.red_flower":6,"stat.pickup.minecraft.beef":22,"stat.pickup.minecraft.furnace":7,"stat.useItem.minecraft.cooked_mutton":5,"stat.useItem.minecraft.flint_and_steel":1,"stat.useItem.minecraft.wheat_seeds":5,"stat.pickup.minecraft.saddle":2,"stat.mineBlock.minecraft.soul_sand":20,"stat.useItem.minecraft.beef":7,"stat.deaths":2,"stat.drop.minecraft.golden_carrot":2,"stat.playOneMinute":499408,"stat.pickup.minecraft.blaze_rod":30,"stat.drop.minecraft.string":6,"stat.craftItem.minecraft.iron_pickaxe":1,"stat.mineBlock.minecraft.tallgrass":34,"stat.craftItem.minecraft.cooked_mutton":3,"stat.pickup.minecraft.netherrack":301,"stat.pickup.minecraft.cooked_mutton":4,"stat.chestOpened":46,"stat.useItem.minecraft.stone":36,"stat.mineBlock.minecraft.netherrack":300,"stat.pickup.minecraft.arrow":14,"stat.killEntity.Ghast":1,"stat.pickup.minecraft.gold_nugget":5,"stat.fallOneCm":168195,"stat.drop.minecraft.stone":31,"stat.pickup.minecraft.carrot":59,"stat.drop.minecraft.stone_sword":2,"stat.crouchOneCm":86548,"stat.craftItem.minecraft.iron_ingot":108,"stat.craftItem.minecraft.chest":1,"stat.craftingTableInteraction":49,"stat.pickup.minecraft.wooden_pickaxe":1,"stat.drop.minecraft.iron_leggings":1,"stat.drop.minecraft.bone":2,"stat.useItem.minecraft.furnace":6,"stat.pickup.minecraft.dye":70,"stat.pickup.minecraft.planks":11,"stat.pickup.minecraft.wheat_seeds":24,"stat.mineBlock.minecraft.gravel":8,"stat.useItem.minecraft.stone_pickaxe":57,"stat.breakItem.minecraft.stone_axe":1,"stat.useItem.minecraft.stone_sword":37,"stat.craftItem.minecraft.iron_leggings":1,"stat.useItem.minecraft.enchanting_table":2,"stat.mineBlock.minecraft.dirt":39,"stat.drop.minecraft.stick":7,"stat.drop.minecraft.iron_axe":1,"stat.useItem.minecraft.bread":1,"stat.useItem.minecraft.torch":114,"stat.drop.minecraft.rotten_flesh":1,"stat.pickup.minecraft.crafting_table":16,"stat.useItem.minecraft.cobblestone":263,"stat.craftItem.minecraft.crafting_table":3,"stat.mineBlock.minecraft.double_plant":3,"stat.killEntity.LavaSlime":1,"stat.pickup.minecraft.log":63,"stat.pickup.minecraft.iron_pickaxe":1,"stat.craftItem.minecraft.gold_ingot":43,"stat.drop.minecraft.planks":1,"stat.drop.minecraft.sapling":7,"stat.breakItem.minecraft.iron_helmet":1,"stat.drop.minecraft.gold_nugget":5,"stat.pickup.minecraft.sapling":9,"stat.pickup.minecraft.beetroot":28,"stat.craftItem.minecraft.bucket":2,"stat.craftItem.minecraft.planks":132,"stat.itemEnchanted":16,"stat.pickup.minecraft.diamond_helmet":1,"stat.killEntity.WitherSkeleton":8,"stat.pickup.minecraft.stone_sword":2,"stat.mineBlock.minecraft.log":28,"stat.craftItem.minecraft.paper":18,"stat.pickup.minecraft.red_flower":9,"stat.sneakTime":24521,"stat.pickup.minecraft.wool":47,"stat.drop.minecraft.bucket":1,"stat.craftItem.minecraft.enchanting_table":1,"stat.drop.minecraft.stone_pickaxe":2,"stat.craftItem.minecraft.diamond_chestplate":1,"stat.pickup.minecraft.bone":18,"stat.craftItem.minecraft.diamond_leggings":1,"stat.useItem.minecraft.iron_axe":11,"stat.mineBlock.minecraft.cobblestone":26,"stat.pickup.minecraft.stone_pickaxe":3,"stat.pickup.minecraft.flint":1,"stat.useItem.minecraft.diamond_sword":186,"stat.craftItem.minecraft.diamond_helmet":1,"stat.swimOneCm":94980,"stat.drop.minecraft.saddle":3,"stat.climbOneCm":4029,"stat.pickup.minecraft.enchanted_book":1,"stat.drop.minecraft.cobblestone":205,"stat.pickup.minecraft.cooked_porkchop":27,"stat.useItem.minecraft.obsidian":12,"stat.useItem.minecraft.dirt":40,"stat.pickup.minecraft.iron_boots":3,"stat.craftItem.minecraft.furnace":1,"stat.pickup.minecraft.enchanting_table":1,"stat.craftItem.minecraft.iron_boots":1,"stat.craftItem.minecraft.stone_pickaxe":1,"stat.craftItem.minecraft.cooked_beef":1,"stat.mineBlock.minecraft.obsidian":13,"stat.pickup.minecraft.cobblestone":512,"stat.flyOneCm":1345954,"stat.pickup.minecraft.soul_sand":39,"stat.drop.minecraft.wheat_seeds":13,"stat.useItem.minecraft.cooked_beef":8,"stat.pickup.minecraft.redstone":112,"stat.mineBlock.minecraft.iron_ore":117,"stat.craftItem.minecraft.book":5,"stat.timeSinceDeath":60344,"stat.drop.minecraft.spider_eye":1,"stat.pickup.minecraft.mutton":78,"stat.craftItem.minecraft.iron_block":4,"stat.drop.minecraft.coal":4,"stat.pickup.minecraft.nether_wart":118,"stat.mineBlock.minecraft.enchanting_table":1,"stat.drop.minecraft.dirt":4,"stat.useItem.minecraft.cooked_porkchop":41,"stat.drop.minecraft.beetroot_seeds":31,"stat.mineBlock.minecraft.coal_ore":82,"stat.killEntity.Creeper":1,"stat.talkedToVillager":8,"stat.pickup.minecraft.string":8,"stat.sprintOneCm":776178,"stat.drop.minecraft.leather":4,"stat.craftItem.minecraft.stick":48,"stat.useItem.minecraft.bed":5,"stat.craftItem.minecraft.gold_nugget":387,"stat.mineBlock.minecraft.diamond_ore":57,"stat.mineBlock.minecraft.crafting_table":13,"stat.useItem.minecraft.diamond_pickaxe":1228,"stat.useItem.minecraft.carrot":31,"stat.killEntity.Endermite":1,"stat.pickup.minecraft.diamond_chestplate":1,"stat.useItem.minecraft.bucket":66,"stat.drop":86,"stat.killEntity.Sheep":33,"stat.drop.minecraft.iron_boots":2,"stat.craftItem.minecraft.diamond_pickaxe":1,"stat.killEntity.Zombie":27,"stat.craftItem.minecraft.diamond_axe":1,"stat.mineBlock.minecraft.gold_ore":42,"stat.diveOneCm":48722,"stat.drop.minecraft.diamond_pickaxe":3,"stat.pickup.minecraft.wheat":9,"stat.drop.minecraft.wooden_pickaxe":1,"stat.pickup.minecraft.gravel":7,"stat.craftItem.minecraft.cooked_porkchop":43,"stat.useItem.minecraft.diamond_axe":101,"stat.pickup.minecraft.obsidian":16,"stat.useItem.minecraft.porkchop":27,"stat.drop.minecraft.cooked_porkchop":29,"stat.pickup.minecraft.diamond_sword":1,"stat.craftItem.minecraft.diamond_sword":1,"stat.jump":6810,"stat.pickup.minecraft.coal":157,"stat.pickup.minecraft.iron_ingot":34,"stat.useItem.minecraft.stone_axe":92,"stat.craftItem.minecraft.bread":1,"stat.pickup.minecraft.gunpowder":1,"stat.pickup.minecraft.spider_eye":2,"stat.craftItem.minecraft.torch":104,"stat.pickup.minecraft.dirt":101,"stat.craftItem.minecraft.iron_helmet":1,"stat.pickup.minecraft.iron_ore":135,"stat.pickup.minecraft.gold_ore":42,"stat.mineBlock.minecraft.lapis_ore":13,"stat.craftItem.minecraft.flint_and_steel":1,"stat.damageTaken":5907,"stat.pickup.minecraft.leather":33,"stat.mineBlock.minecraft.furnace":6,"stat.mineBlock.minecraft.torch":10,"stat.useItem.minecraft.wooden_pickaxe":3,"stat.pickup.minecraft.reeds":18,"stat.pickup.minecraft.bed":5,"stat.pickup.minecraft.diamond_axe":2,"stat.damageDealt":25806,"stat.sleepInBed":9,"stat.craftItem.minecraft.anvil":1,"stat.killEntity.Cow":19,"stat.useItem.minecraft.crafting_table":15,"stat.killEntity.Pig":32,"stat.walkOneCm":627219,"stat.useItem.minecraft.chest":1,"stat.drop.minecraft.wheat":2,"stat.pickup.minecraft.stick":5,"stat.pickup.minecraft.diamond_pickaxe":4,"stat.drop.minecraft.diamond_axe":1,"stat.craftItem.minecraft.diamond_boots":1,"stat.drop.minecraft.iron_chestplate":1,"stat.pickup.minecraft.stone":67,"stat.craftItem.minecraft.iron_chestplate":1,"stat.pickup.minecraft.ender_pearl":2,"stat.pickup.minecraft.cooked_beef":53,"stat.useItem.minecraft.netherrack":290,"stat.pickup.minecraft.gold_ingot":31,"stat.killEntity.Skeleton":10,"stat.killEntity.Spider":12,"stat.pickup.minecraft.bread":10,"stat.mineBlock.minecraft.quartz_ore":10,"stat.mobKills":182,"stat.pickup.minecraft.quartz":10,"stat.pickup.minecraft.water_bucket":1,"stat.pickup.minecraft.diamond":58,"stat.pickup.minecraft.beetroot_seeds":62,"stat.mineBlock.minecraft.leaves":1,"stat.pickup.minecraft.torch":30,"stat.mineBlock.minecraft.redstone_ore":14,"stat.drop.minecraft.beef":6,"stat.drop.minecraft.arrow":9,"stat.mineBlock.minecraft.stone":757}