{"stat.drop.minecraft.stone_pickaxe":1,"stat.drop.minecraft.mutton":4,"stat.pickup.minecraft.bone":12,"stat.useItem.minecraft.iron_axe":11,"stat.leaveGame":2,"stat.mineBlock.minecraft.cobblestone":1,"stat.drop.minecraft.gunpowder":1,"stat.pickup.minecraft.stone_pickaxe":2,"stat.pickup.minecraft.flint":1,"stat.craftItem.minecraft.iron_axe":1,"stat.useItem.minecraft.mutton":12,"stat.swimOneCm":77102,"stat.useItem.minecraft.planks":56,"stat.craftItem.minecraft.shield":1,"stat.drop.minecraft.cobblestone":9,"stat.pickup.minecraft.porkchop":77,"stat.useItem.minecraft.dirt":13,"stat.pickup.minecraft.iron_boots":1,"stat.useItem.minecraft.water_bucket":27,"stat.pickup.minecraft.rotten_flesh":21,"stat.craftItem.minecraft.furnace":1,"stat.craftItem.minecraft.stone_axe":1,"stat.craftItem.minecraft.iron_boots":1,"stat.craftItem.minecraft.stone_pickaxe":1,"stat.craftItem.minecraft.cooked_beef":1,"stat.mineBlock.minecraft.obsidian":13,"stat.pickup.minecraft.cobblestone":293,"stat.craftItem.minecraft.stone_sword":1,"stat.flyOneCm":168606,"stat.pickup.minecraft.redstone":35,"stat.mineBlock.minecraft.iron_ore":117,"stat.timeSinceDeath":102571,"stat.useItem.minecraft.iron_pickaxe":170,"stat.craftItem.minecraft.wooden_pickaxe":1,"stat.pickup.minecraft.mutton":32,"stat.drop.minecraft.cooked_mutton":2,"stat.drop.minecraft.coal":1,"stat.craftItem.minecraft.bed":1,"stat.furnaceInteraction":31,"stat.killEntity.ZombieVillager":2,"stat.mineBlock.minecraft.coal_ore":79,"stat.killEntity.Creeper":1,"stat.talkedToVillager":8,"stat.drop.minecraft.red_flower":6,"stat.pickup.minecraft.string":1,"stat.pickup.minecraft.beef":22,"stat.pickup.minecraft.furnace":7,"stat.useItem.minecraft.cooked_mutton":1,"stat.sprintOneCm":171554,"stat.craftItem.minecraft.stick":44,"stat.useItem.minecraft.bed":2,"stat.mineBlock.minecraft.diamond_ore":9,"stat.useItem.minecraft.wheat_seeds":5,"stat.mineBlock.minecraft.crafting_table":10,"stat.useItem.minecraft.diamond_pickaxe":426,"stat.useItem.minecraft.carrot":14,"stat.useItem.minecraft.bucket":28,"stat.useItem.minecraft.beef":7,"stat.deaths":1,"stat.drop":32,"stat.playOneMinute":126368,"stat.drop.minecraft.string":1,"stat.killEntity.Sheep":14,"stat.craftItem.minecraft.iron_pickaxe":1,"stat.drop.minecraft.iron_boots":1,"stat.craftItem.minecraft.diamond_pickaxe":1,"stat.killEntity.Zombie":17,"stat.craftItem.minecraft.diamond_axe":1,"stat.mineBlock.minecraft.gold_ore":12,"stat.mineBlock.minecraft.tallgrass":22,"stat.craftItem.minecraft.cooked_mutton":3,"stat.diveOneCm":19583,"stat.pickup.minecraft.wheat":7,"stat.chestOpened":1,"stat.useItem.minecraft.stone":9,"stat.pickup.minecraft.gravel":5,"stat.pickup.minecraft.arrow":10,"stat.craftItem.minecraft.cooked_porkchop":23,"stat.useItem.minecraft.diamond_axe":39,"stat.pickup.minecraft.obsidian":16,"stat.useItem.minecraft.porkchop":27,"stat.jump":1420,"stat.pickup.minecraft.coal":151,"stat.fallOneCm":24543,"stat.pickup.minecraft.iron_ingot":2,"stat.drop.minecraft.stone":21,"stat.pickup.minecraft.carrot":14,"stat.useItem.minecraft.stone_axe":92,"stat.drop.minecraft.stone_sword":2,"stat.craftItem.minecraft.bread":1,"stat.pickup.minecraft.gunpowder":1,"stat.crouchOneCm":58040,"stat.craftItem.minecraft.torch":104,"stat.craftItem.minecraft.iron_ingot":99,"stat.pickup.minecraft.dirt":83,"stat.craftItem.minecraft.iron_helmet":1,"stat.craftingTableInteraction":26,"stat.pickup.minecraft.iron_ore":135,"stat.pickup.minecraft.gold_ore":12,"stat.mineBlock.minecraft.lapis_ore":11,"stat.pickup.minecraft.wooden_pickaxe":1,"stat.damageTaken":1417,"stat.pickup.minecraft.leather":10,"stat.mineBlock.minecraft.furnace":6,"stat.mineBlock.minecraft.torch":10,"stat.useItem.minecraft.wooden_pickaxe":3,"stat.useItem.minecraft.furnace":6,"stat.pickup.minecraft.dye":62,"stat.pickup.minecraft.planks":11,"stat.pickup.minecraft.bed":1,"stat.pickup.minecraft.wheat_seeds":15,"stat.pickup.minecraft.diamond_axe":1,"stat.mineBlock.minecraft.gravel":6,"stat.useItem.minecraft.stone_pickaxe":57,"stat.breakItem.minecraft.stone_axe":1,"stat.useItem.minecraft.stone_sword":37,"stat.craftItem.minecraft.iron_leggings":1,"stat.damageDealt":9656,"stat.sleepInBed":1,"stat.killEntity.Cow":6,"stat.mineBlock.minecraft.dirt":21,"stat.useItem.minecraft.crafting_table":12,"stat.killEntity.Pig":25,"stat.drop.minecraft.stick":4,"stat.walkOneCm":275322,"stat.useItem.minecraft.bread":1,"stat.useItem.minecraft.torch":109,"stat.pickup.minecraft.stick":2,"stat.pickup.minecraft.crafting_table":12,"stat.useItem.minecraft.cobblestone":178,"stat.craftItem.minecraft.crafting_table":2,"stat.mineBlock.minecraft.double_plant":2,"stat.drop.minecraft.diamond_axe":1,"stat.pickup.minecraft.log":63,"stat.craftItem.minecraft.gold_ingot":12,"stat.pickup.minecraft.stone":31,"stat.drop.minecraft.planks":1,"stat.drop.minecraft.sapling":6,"stat.craftItem.minecraft.iron_chestplate":1,"stat.pickup.minecraft.sapling":6,"stat.killEntity.Skeleton":7,"stat.pickup.minecraft.beetroot":28,"stat.craftItem.minecraft.bucket":2,"stat.craftItem.minecraft.planks":108,"stat.killEntity.Spider":4,"stat.pickup.minecraft.stone_sword":2,"stat.mobKills":76,"stat.mineBlock.minecraft.log":28,"stat.pickup.minecraft.diamond":9,"stat.pickup.minecraft.beetroot_seeds":62,"stat.mineBlock.minecraft.leaves":1,"stat.pickup.minecraft.torch":29,"stat.pickup.minecraft.red_flower":9,"stat.mineBlock.minecraft.redstone_ore":9,"stat.sneakTime":18830,"stat.pickup.minecraft.wool":28,"stat.drop.minecraft.beef":6,"stat.drop.minecraft.bucket":1,"stat.drop.minecraft.arrow":9,"stat.mineBlock.minecraft.stone":391}