{"stat.drop.minecraft.stone_pickaxe":2,"stat.craftItem.minecraft.diamond_chestplate":1,"stat.drop.minecraft.mutton":4,"stat.pickup.minecraft.bone":13,"stat.craftItem.minecraft.diamond_leggings":1,"stat.useItem.minecraft.iron_axe":11,"stat.leaveGame":2,"stat.mineBlock.minecraft.cobblestone":15,"stat.drop.minecraft.gunpowder":1,"stat.pickup.minecraft.stone_pickaxe":3,"stat.pickup.minecraft.flint":1,"stat.craftItem.minecraft.iron_axe":1,"stat.useItem.minecraft.diamond_sword":8,"stat.useItem.minecraft.mutton":12,"stat.swimOneCm":82977,"stat.useItem.minecraft.planks":56,"stat.craftItem.minecraft.shield":1,"stat.climbOneCm":1083,"stat.drop.minecraft.cobblestone":15,"stat.pickup.minecraft.porkchop":77,"stat.useItem.minecraft.obsidian":12,"stat.useItem.minecraft.dirt":40,"stat.pickup.minecraft.iron_boots":1,"stat.useItem.minecraft.water_bucket":35,"stat.pickup.minecraft.rotten_flesh":30,"stat.craftItem.minecraft.furnace":1,"stat.pickup.minecraft.enchanting_table":1,"stat.killEntity.Donkey":1,"stat.craftItem.minecraft.stone_axe":1,"stat.craftItem.minecraft.iron_boots":1,"stat.craftItem.minecraft.stone_pickaxe":1,"stat.craftItem.minecraft.cooked_beef":1,"stat.mineBlock.minecraft.obsidian":13,"stat.killEntity.Enderman":2,"stat.pickup.minecraft.cobblestone":496,"stat.craftItem.minecraft.stone_sword":1,"stat.useItem.minecraft.anvil":1,"stat.flyOneCm":498836,"stat.drop.minecraft.wheat_seeds":12,"stat.useItem.minecraft.cooked_beef":1,"stat.pickup.minecraft.redstone":56,"stat.mineBlock.minecraft.iron_ore":117,"stat.craftItem.minecraft.book":5,"stat.timeSinceDeath":174310,"stat.useItem.minecraft.iron_pickaxe":170,"stat.craftItem.minecraft.wooden_pickaxe":1,"stat.pickup.minecraft.mutton":55,"stat.drop.minecraft.cooked_mutton":2,"stat.craftItem.minecraft.iron_block":4,"stat.drop.minecraft.coal":4,"stat.craftItem.minecraft.bed":2,"stat.craftItem.minecraft.golden_carrot":12,"stat.furnaceInteraction":41,"stat.mineBlock.minecraft.enchanting_table":1,"stat.drop.minecraft.gravel":7,"stat.useItem.minecraft.golden_carrot":2,"stat.useItem.minecraft.cooked_porkchop":7,"stat.killEntity.ZombieVillager":2,"stat.drop.minecraft.beetroot_seeds":31,"stat.mineBlock.minecraft.coal_ore":82,"stat.killEntity.Creeper":1,"stat.talkedToVillager":8,"stat.drop.minecraft.red_flower":6,"stat.pickup.minecraft.string":3,"stat.pickup.minecraft.beef":22,"stat.pickup.minecraft.furnace":7,"stat.useItem.minecraft.cooked_mutton":1,"stat.sprintOneCm":338018,"stat.drop.minecraft.leather":4,"stat.craftItem.minecraft.stick":48,"stat.useItem.minecraft.bed":4,"stat.craftItem.minecraft.gold_nugget":108,"stat.mineBlock.minecraft.diamond_ore":57,"stat.useItem.minecraft.flint_and_steel":1,"stat.useItem.minecraft.wheat_seeds":5,"stat.mineBlock.minecraft.crafting_table":12,"stat.useItem.minecraft.diamond_pickaxe":923,"stat.useItem.minecraft.carrot":22,"stat.useItem.minecraft.bucket":36,"stat.useItem.minecraft.beef":7,"stat.deaths":1,"stat.drop":63,"stat.drop.minecraft.golden_carrot":2,"stat.playOneMinute":198107,"stat.drop.minecraft.string":3,"stat.killEntity.Sheep":30,"stat.craftItem.minecraft.iron_pickaxe":1,"stat.drop.minecraft.iron_boots":1,"stat.craftItem.minecraft.diamond_pickaxe":1,"stat.killEntity.Zombie":26,"stat.craftItem.minecraft.diamond_axe":1,"stat.mineBlock.minecraft.gold_ore":42,"stat.mineBlock.minecraft.tallgrass":23,"stat.craftItem.minecraft.cooked_mutton":3,"stat.pickup.minecraft.netherrack":7,"stat.diveOneCm":26927,"stat.drop.minecraft.diamond_pickaxe":3,"stat.pickup.minecraft.wheat":9,"stat.chestOpened":11,"stat.useItem.minecraft.stone":36,"stat.drop.minecraft.wooden_pickaxe":1,"stat.mineBlock.minecraft.netherrack":11,"stat.pickup.minecraft.gravel":7,"stat.pickup.minecraft.arrow":10,"stat.craftItem.minecraft.cooked_porkchop":23,"stat.useItem.minecraft.diamond_axe":100,"stat.pickup.minecraft.obsidian":16,"stat.useItem.minecraft.porkchop":27,"stat.pickup.minecraft.gold_nugget":5,"stat.craftItem.minecraft.diamond_sword":1,"stat.jump":2944,"stat.pickup.minecraft.coal":156,"stat.fallOneCm":54264,"stat.pickup.minecraft.iron_ingot":2,"stat.drop.minecraft.stone":31,"stat.pickup.minecraft.carrot":34,"stat.useItem.minecraft.stone_axe":92,"stat.drop.minecraft.stone_sword":2,"stat.craftItem.minecraft.bread":1,"stat.pickup.minecraft.gunpowder":1,"stat.crouchOneCm":61047,"stat.craftItem.minecraft.torch":104,"stat.craftItem.minecraft.iron_ingot":108,"stat.craftItem.minecraft.chest":1,"stat.pickup.minecraft.dirt":97,"stat.craftItem.minecraft.iron_helmet":1,"stat.craftingTableInteraction":43,"stat.pickup.minecraft.iron_ore":135,"stat.pickup.minecraft.gold_ore":42,"stat.mineBlock.minecraft.lapis_ore":13,"stat.craftItem.minecraft.flint_and_steel":1,"stat.pickup.minecraft.wooden_pickaxe":1,"stat.damageTaken":1797,"stat.pickup.minecraft.leather":23,"stat.drop.minecraft.iron_leggings":1,"stat.mineBlock.minecraft.furnace":6,"stat.mineBlock.minecraft.torch":10,"stat.useItem.minecraft.wooden_pickaxe":3,"stat.useItem.minecraft.furnace":6,"stat.pickup.minecraft.dye":70,"stat.pickup.minecraft.planks":11,"stat.pickup.minecraft.reeds":18,"stat.pickup.minecraft.bed":3,"stat.pickup.minecraft.wheat_seeds":22,"stat.pickup.minecraft.diamond_axe":1,"stat.mineBlock.minecraft.gravel":8,"stat.useItem.minecraft.stone_pickaxe":57,"stat.breakItem.minecraft.stone_axe":1,"stat.useItem.minecraft.stone_sword":37,"stat.craftItem.minecraft.iron_leggings":1,"stat.useItem.minecraft.enchanting_table":2,"stat.damageDealt":15202,"stat.sleepInBed":4,"stat.craftItem.minecraft.anvil":1,"stat.killEntity.Cow":12,"stat.mineBlock.minecraft.dirt":35,"stat.useItem.minecraft.crafting_table":14,"stat.killEntity.Pig":25,"stat.drop.minecraft.stick":4,"stat.walkOneCm":425663,"stat.useItem.minecraft.bread":1,"stat.useItem.minecraft.torch":109,"stat.useItem.minecraft.chest":1,"stat.drop.minecraft.wheat":2,"stat.pickup.minecraft.stick":2,"stat.pickup.minecraft.diamond_pickaxe":3,"stat.pickup.minecraft.crafting_table":14,"stat.useItem.minecraft.cobblestone":200,"stat.craftItem.minecraft.crafting_table":3,"stat.mineBlock.minecraft.double_plant":2,"stat.drop.minecraft.diamond_axe":1,"stat.pickup.minecraft.log":63,"stat.drop.minecraft.iron_chestplate":1,"stat.craftItem.minecraft.gold_ingot":43,"stat.pickup.minecraft.stone":67,"stat.drop.minecraft.planks":1,"stat.drop.minecraft.sapling":6,"stat.craftItem.minecraft.iron_chestplate":1,"stat.drop.minecraft.gold_nugget":5,"stat.pickup.minecraft.sapling":8,"stat.pickup.minecraft.ender_pearl":2,"stat.pickup.minecraft.cooked_beef":7,"stat.killEntity.Skeleton":8,"stat.pickup.minecraft.beetroot":28,"stat.craftItem.minecraft.bucket":2,"stat.craftItem.minecraft.planks":120,"stat.itemEnchanted":13,"stat.killEntity.Spider":8,"stat.pickup.minecraft.stone_sword":2,"stat.pickup.minecraft.bread":5,"stat.mineBlock.minecraft.quartz_ore":10,"stat.mobKills":115,"stat.mineBlock.minecraft.log":28,"stat.pickup.minecraft.quartz":10,"stat.pickup.minecraft.diamond":57,"stat.pickup.minecraft.beetroot_seeds":62,"stat.mineBlock.minecraft.leaves":1,"stat.craftItem.minecraft.paper":18,"stat.pickup.minecraft.torch":29,"stat.pickup.minecraft.red_flower":9,"stat.mineBlock.minecraft.redstone_ore":14,"stat.sneakTime":19542,"stat.pickup.minecraft.wool":44,"stat.drop.minecraft.beef":6,"stat.drop.minecraft.bucket":1,"stat.drop.minecraft.arrow":9,"stat.mineBlock.minecraft.stone":752,"stat.craftItem.minecraft.enchanting_table":1}