{"stat.drop.minecraft.stone_pickaxe":1,"stat.drop.minecraft.mutton":4,"stat.pickup.minecraft.bone":13,"stat.useItem.minecraft.iron_axe":11,"stat.leaveGame":2,"stat.mineBlock.minecraft.cobblestone":1,"stat.drop.minecraft.gunpowder":1,"stat.pickup.minecraft.stone_pickaxe":2,"stat.pickup.minecraft.flint":1,"stat.craftItem.minecraft.iron_axe":1,"stat.useItem.minecraft.mutton":12,"stat.swimOneCm":81339,"stat.useItem.minecraft.planks":56,"stat.craftItem.minecraft.shield":1,"stat.climbOneCm":1083,"stat.drop.minecraft.cobblestone":15,"stat.pickup.minecraft.porkchop":77,"stat.useItem.minecraft.dirt":13,"stat.pickup.minecraft.iron_boots":1,"stat.useItem.minecraft.water_bucket":29,"stat.pickup.minecraft.rotten_flesh":29,"stat.craftItem.minecraft.furnace":1,"stat.pickup.minecraft.enchanting_table":1,"stat.craftItem.minecraft.stone_axe":1,"stat.craftItem.minecraft.iron_boots":1,"stat.craftItem.minecraft.stone_pickaxe":1,"stat.craftItem.minecraft.cooked_beef":1,"stat.mineBlock.minecraft.obsidian":13,"stat.killEntity.Enderman":1,"stat.pickup.minecraft.cobblestone":370,"stat.craftItem.minecraft.stone_sword":1,"stat.flyOneCm":292200,"stat.useItem.minecraft.cooked_beef":1,"stat.pickup.minecraft.redstone":48,"stat.mineBlock.minecraft.iron_ore":117,"stat.craftItem.minecraft.book":1,"stat.timeSinceDeath":125710,"stat.useItem.minecraft.iron_pickaxe":170,"stat.craftItem.minecraft.wooden_pickaxe":1,"stat.pickup.minecraft.mutton":32,"stat.drop.minecraft.cooked_mutton":2,"stat.drop.minecraft.coal":4,"stat.craftItem.minecraft.bed":2,"stat.furnaceInteraction":31,"stat.mineBlock.minecraft.enchanting_table":1,"stat.drop.minecraft.gravel":7,"stat.useItem.minecraft.cooked_porkchop":3,"stat.killEntity.ZombieVillager":2,"stat.mineBlock.minecraft.coal_ore":80,"stat.killEntity.Creeper":1,"stat.talkedToVillager":8,"stat.drop.minecraft.red_flower":6,"stat.pickup.minecraft.string":3,"stat.pickup.minecraft.beef":22,"stat.pickup.minecraft.furnace":7,"stat.useItem.minecraft.cooked_mutton":1,"stat.sprintOneCm":233843,"stat.craftItem.minecraft.stick":44,"stat.useItem.minecraft.bed":3,"stat.mineBlock.minecraft.diamond_ore":44,"stat.useItem.minecraft.wheat_seeds":5,"stat.mineBlock.minecraft.crafting_table":12,"stat.useItem.minecraft.diamond_pickaxe":777,"stat.useItem.minecraft.carrot":14,"stat.useItem.minecraft.bucket":30,"stat.useItem.minecraft.beef":7,"stat.deaths":1,"stat.drop":47,"stat.playOneMinute":149507,"stat.drop.minecraft.string":3,"stat.killEntity.Sheep":14,"stat.craftItem.minecraft.iron_pickaxe":1,"stat.drop.minecraft.iron_boots":1,"stat.craftItem.minecraft.diamond_pickaxe":1,"stat.killEntity.Zombie":23,"stat.craftItem.minecraft.diamond_axe":1,"stat.mineBlock.minecraft.gold_ore":42,"stat.mineBlock.minecraft.tallgrass":22,"stat.craftItem.minecraft.cooked_mutton":3,"stat.diveOneCm":21278,"stat.drop.minecraft.diamond_pickaxe":3,"stat.pickup.minecraft.wheat":7,"stat.chestOpened":2,"stat.useItem.minecraft.stone":9,"stat.pickup.minecraft.gravel":7,"stat.pickup.minecraft.arrow":10,"stat.craftItem.minecraft.cooked_porkchop":23,"stat.useItem.minecraft.diamond_axe":67,"stat.pickup.minecraft.obsidian":16,"stat.useItem.minecraft.porkchop":27,"stat.jump":1970,"stat.pickup.minecraft.coal":154,"stat.fallOneCm":31540,"stat.pickup.minecraft.iron_ingot":2,"stat.drop.minecraft.stone":24,"stat.pickup.minecraft.carrot":14,"stat.useItem.minecraft.stone_axe":92,"stat.drop.minecraft.stone_sword":2,"stat.craftItem.minecraft.bread":1,"stat.pickup.minecraft.gunpowder":1,"stat.crouchOneCm":59067,"stat.craftItem.minecraft.torch":104,"stat.craftItem.minecraft.iron_ingot":99,"stat.pickup.minecraft.dirt":92,"stat.craftItem.minecraft.iron_helmet":1,"stat.craftingTableInteraction":29,"stat.pickup.minecraft.iron_ore":135,"stat.pickup.minecraft.gold_ore":42,"stat.mineBlock.minecraft.lapis_ore":13,"stat.craftItem.minecraft.flint_and_steel":1,"stat.pickup.minecraft.wooden_pickaxe":1,"stat.damageTaken":1542,"stat.pickup.minecraft.leather":10,"stat.mineBlock.minecraft.furnace":6,"stat.mineBlock.minecraft.torch":10,"stat.useItem.minecraft.wooden_pickaxe":3,"stat.useItem.minecraft.furnace":6,"stat.pickup.minecraft.dye":70,"stat.pickup.minecraft.planks":11,"stat.pickup.minecraft.reeds":8,"stat.pickup.minecraft.bed":2,"stat.pickup.minecraft.wheat_seeds":16,"stat.pickup.minecraft.diamond_axe":1,"stat.mineBlock.minecraft.gravel":8,"stat.useItem.minecraft.stone_pickaxe":57,"stat.breakItem.minecraft.stone_axe":1,"stat.useItem.minecraft.stone_sword":37,"stat.craftItem.minecraft.iron_leggings":1,"stat.useItem.minecraft.enchanting_table":1,"stat.damageDealt":11898,"stat.sleepInBed":2,"stat.killEntity.Cow":6,"stat.mineBlock.minecraft.dirt":30,"stat.useItem.minecraft.crafting_table":14,"stat.killEntity.Pig":25,"stat.drop.minecraft.stick":4,"stat.walkOneCm":336168,"stat.useItem.minecraft.bread":1,"stat.useItem.minecraft.torch":109,"stat.pickup.minecraft.stick":2,"stat.pickup.minecraft.diamond_pickaxe":3,"stat.pickup.minecraft.crafting_table":14,"stat.useItem.minecraft.cobblestone":188,"stat.craftItem.minecraft.crafting_table":3,"stat.mineBlock.minecraft.double_plant":2,"stat.drop.minecraft.diamond_axe":1,"stat.pickup.minecraft.log":63,"stat.craftItem.minecraft.gold_ingot":12,"stat.pickup.minecraft.stone":47,"stat.drop.minecraft.planks":1,"stat.drop.minecraft.sapling":6,"stat.craftItem.minecraft.iron_chestplate":1,"stat.pickup.minecraft.sapling":6,"stat.pickup.minecraft.ender_pearl":1,"stat.killEntity.Skeleton":8,"stat.pickup.minecraft.beetroot":28,"stat.craftItem.minecraft.bucket":2,"stat.craftItem.minecraft.planks":108,"stat.itemEnchanted":6,"stat.killEntity.Spider":7,"stat.pickup.minecraft.stone_sword":2,"stat.mobKills":87,"stat.mineBlock.minecraft.log":28,"stat.pickup.minecraft.diamond":44,"stat.pickup.minecraft.beetroot_seeds":62,"stat.mineBlock.minecraft.leaves":1,"stat.craftItem.minecraft.paper":3,"stat.pickup.minecraft.torch":29,"stat.pickup.minecraft.red_flower":9,"stat.mineBlock.minecraft.redstone_ore":12,"stat.sneakTime":19120,"stat.pickup.minecraft.wool":28,"stat.drop.minecraft.beef":6,"stat.drop.minecraft.bucket":1,"stat.drop.minecraft.arrow":9,"stat.mineBlock.minecraft.stone":663,"stat.craftItem.minecraft.enchanting_table":1}