{"stat.chestOpened":6,"stat.drop.minecraft.poisonous_potato":2,"stat.walkOneCm":47064,"stat.mineBlock.minecraft.fence":1,"stat.leaveGame":1,"stat.damageTaken":20,"stat.mineBlock.minecraft.red_flower":6,"stat.mineBlock.minecraft.double_plant":12,"stat.useItem.minecraft.carrot":4,"stat.drop.minecraft.fence":1,"stat.pickup.minecraft.reeds":7,"stat.drop.minecraft.red_flower":6,"stat.flyOneCm":78736,"stat.pickup.minecraft.wheat_seeds":29,"stat.drop":7,"stat.jump":265,"stat.swimOneCm":3370,"stat.pickup.minecraft.fence":1,"stat.pickup.minecraft.potato":21,"stat.playOneMinute":16365,"stat.drop.minecraft.wheat_seeds":1,"stat.fallOneCm":6183,"stat.pickup.minecraft.red_flower":8,"stat.pickup.minecraft.carrot":30,"stat.sneakTime":44,"stat.damageDealt":74,"stat.crouchOneCm":62,"stat.sleepInBed":1,"stat.timeSinceDeath":16365,"stat.sprintOneCm":64886,"stat.mineBlock.minecraft.tallgrass":270,"stat.diveOneCm":8503,"stat.pickup.minecraft.poisonous_potato":2,"stat.craftingTableInteraction":1}