{"stat.leaveGame":5,"stat.useItem.minecraft.planks":58,"stat.pickup.minecraft.porkchop":33,"stat.useItem.minecraft.water_bucket":2,"stat.drop.minecraft.poisonous_potato":2,"stat.pickup.minecraft.rotten_flesh":8,"stat.pickup.minecraft.sand":50,"stat.pickup.minecraft.bucket":1,"stat.craftItem.minecraft.iron_shovel":2,"stat.mineBlock.minecraft.snow_layer":342,"stat.mineBlock.minecraft.sand":50,"stat.useItem.minecraft.iron_pickaxe":497,"stat.drop.minecraft.diamond":1,"stat.useItem.minecraft.iron_shovel":505,"stat.pickup.minecraft.double_plant":4,"stat.pickup.minecraft.ghast_tear":1,"stat.craftItem.minecraft.glass_pane":96,"stat.useItem.minecraft.oak_stairs":100,"stat.furnaceInteraction":20,"stat.drop.minecraft.red_flower":30,"stat.pickup.minecraft.beef":4,"stat.useItem.minecraft.cooked_mutton":1,"stat.pickup.minecraft.furnace":1,"stat.pickup.minecraft.iron_chestplate":2,"stat.useItem.minecraft.fence":54,"stat.useItem.minecraft.stone_stairs":190,"stat.pickup.minecraft.stone_stairs":82,"stat.mineBlock.minecraft.fence":15,"stat.pickup.minecraft.golden_carrot":2,"stat.drop.minecraft.snowball":46,"stat.pickup.minecraft.saddle":2,"stat.pickup.minecraft.emerald":1,"stat.mineBlock.minecraft.oak_stairs":15,"stat.deaths":6,"stat.playOneMinute":315150,"stat.drop.minecraft.string":1,"stat.craftItem.minecraft.iron_pickaxe":2,"stat.drop.minecraft.iron_ingot":1,"stat.mineBlock.minecraft.tallgrass":582,"stat.chestOpened":106,"stat.craftItem.minecraft.carpet":18,"stat.mineBlock.minecraft.ice":1,"stat.fallOneCm":61086,"stat.pickup.minecraft.carrot":30,"stat.crouchOneCm":28556,"stat.mineBlock.minecraft.chest":2,"stat.craftItem.minecraft.chest":4,"stat.craftingTableInteraction":41,"stat.useItem.minecraft.furnace":2,"stat.pickup.minecraft.dye":45,"stat.pickup.minecraft.planks":12,"stat.pickup.minecraft.iron_leggings":1,"stat.craftItem.minecraft.diamond_shovel":1,"stat.mineBlock.minecraft.snow":6,"stat.pickup.minecraft.wheat_seeds":59,"stat.drop.minecraft.snow":2,"stat.breakItem.minecraft.stone_axe":1,"stat.mineBlock.minecraft.glass":1,"stat.craftItem.minecraft.oak_stairs":128,"stat.mineBlock.minecraft.dirt":602,"stat.pickup.minecraft.poisonous_potato":2,"stat.pickup.minecraft.flint_and_steel":1,"stat.mineBlock.minecraft.monster_egg":1,"stat.useItem.minecraft.torch":11,"stat.craftItem.minecraft.stone_stairs":168,"stat.useItem.minecraft.log":2,"stat.pickup.minecraft.crafting_table":2,"stat.useItem.minecraft.cobblestone":872,"stat.craftItem.minecraft.crafting_table":2,"stat.mineBlock.minecraft.double_plant":48,"stat.mineBlock.minecraft.emerald_ore":1,"stat.pickup.minecraft.log":358,"stat.drop.minecraft.sapling":6,"stat.pickup.minecraft.sapling":37,"stat.pickup.minecraft.apple":6,"stat.useItem.minecraft.glass_pane":82,"stat.craftItem.minecraft.planks":468,"stat.craftItem.minecraft.snow":66,"stat.mineBlock.minecraft.log":150,"stat.craftItem.minecraft.wooden_door":3,"stat.useItem.minecraft.wooden_door":2,"stat.pickup.minecraft.red_flower":61,"stat.sneakTime":8816,"stat.pickup.minecraft.wool":38,"stat.drop.minecraft.yellow_flower":6,"stat.pickup.minecraft.stone_slab":11,"stat.useItem.minecraft.wooden_axe":43,"stat.pickup.minecraft.yellow_flower":11,"stat.pickup.minecraft.chest":2,"stat.pickup.minecraft.bone":4,"stat.useItem.minecraft.iron_axe":164,"stat.mineBlock.minecraft.cobblestone":207,"stat.mineBlock.minecraft.yellow_flower":12,"stat.craftItem.minecraft.wool":13,"stat.swimOneCm":26932,"stat.useItem.minecraft.snow":66,"stat.climbOneCm":7414,"stat.pickup.minecraft.cooked_porkchop":57,"stat.breakItem.minecraft.iron_pickaxe":2,"stat.useItem.minecraft.dirt":454,"stat.craftItem.minecraft.furnace":2,"stat.craftItem.minecraft.cooked_beef":4,"stat.pickup.minecraft.cobblestone":2171,"stat.mineBlock.minecraft.carpet":3,"stat.drop.minecraft.fence":1,"stat.pickup.minecraft.diamond_leggings":1,"stat.flyOneCm":364837,"stat.drop.minecraft.wheat_seeds":13,"stat.useItem.minecraft.cooked_beef":1,"stat.mineBlock.minecraft.iron_ore":57,"stat.timeSinceDeath":0,"stat.drop.minecraft.dirt":7,"stat.useItem.minecraft.cooked_porkchop":18,"stat.pickup.minecraft.iron_shovel":3,"stat.pickup.minecraft.carpet":3,"stat.pickup.minecraft.diamond_shovel":2,"stat.mineBlock.minecraft.coal_ore":110,"stat.drop.minecraft.wool":2,"stat.pickup.minecraft.shield":1,"stat.pickup.minecraft.string":8,"stat.mineBlock.minecraft.ladder":1,"stat.entityKilledBy.Skeleton":1,"stat.sprintOneCm":635003,"stat.useItem.minecraft.diamond_shovel":613,"stat.pickup.minecraft.paper":3,"stat.mineBlock.minecraft.stone_slab":10,"stat.craftItem.minecraft.stick":116,"stat.craftItem.minecraft.wooden_axe":1,"stat.useItem.minecraft.stone_slab":59,"stat.useItem.minecraft.bed":2,"stat.useItem.minecraft.snowball":308,"stat.mineBlock.minecraft.diamond_ore":17,"stat.mineBlock.minecraft.crafting_table":2,"stat.useItem.minecraft.diamond_pickaxe":1098,"stat.useItem.minecraft.carrot":11,"stat.useItem.minecraft.bucket":1,"stat.entityKilledBy.Creeper":1,"stat.mineBlock.minecraft.planks":6,"stat.drop":30,"stat.breakItem.minecraft.iron_shovel":1,"stat.useItem.minecraft.ladder":8,"stat.killEntity.Zombie":4,"stat.pickup.minecraft.snowball":1097,"stat.craftItem.minecraft.dye":13,"stat.drop.minecraft.bread":5,"stat.mineBlock.minecraft.gold_ore":4,"stat.diveOneCm":14948,"stat.craftItem.minecraft.ladder":27,"stat.craftItem.minecraft.cooked_porkchop":13,"stat.breakItem.minecraft.wooden_axe":1,"stat.useItem.minecraft.carpet":3,"stat.useItem.minecraft.rotten_flesh":1,"stat.drop.minecraft.cooked_porkchop":13,"stat.drop.minecraft.apple":3,"stat.jump":2664,"stat.useItem.minecraft.sand":7,"stat.pickup.minecraft.fence":15,"stat.pickup.minecraft.coal":215,"stat.pickup.minecraft.iron_helmet":1,"stat.pickup.minecraft.iron_ingot":41,"stat.useItem.minecraft.stone_axe":60,"stat.craftItem.minecraft.bread":5,"stat.craftItem.minecraft.torch":16,"stat.pickup.minecraft.dirt":651,"stat.pickup.minecraft.iron_ore":57,"stat.useItem.minecraft.glass":1,"stat.pickup.minecraft.snow":2,"stat.pickup.minecraft.gold_ore":4,"stat.mineBlock.minecraft.glass_pane":12,"stat.mineBlock.minecraft.stone_stairs":23,"stat.damageTaken":2960,"stat.pickup.minecraft.leather":16,"stat.mineBlock.minecraft.red_flower":61,"stat.mineBlock.minecraft.torch":11,"stat.mineBlock.minecraft.furnace":1,"stat.pickup.minecraft.reeds":7,"stat.pickup.minecraft.bed":2,"stat.pickup.minecraft.potato":21,"stat.pickup.minecraft.oak_stairs":26,"stat.damageDealt":3877,"stat.craftItem.minecraft.glass":43,"stat.sleepInBed":17,"stat.killEntity.Cow":2,"stat.useItem.minecraft.crafting_table":4,"stat.killEntity.Pig":14,"stat.craftItem.minecraft.stone_slab":54,"stat.walkOneCm":1071254,"stat.useItem.minecraft.chest":6,"stat.playerKills":1,"stat.pickup.minecraft.stick":3,"stat.pickup.minecraft.diamond_pickaxe":4,"stat.drop.minecraft.iron_chestplate":1,"stat.pickup.minecraft.stone":40,"stat.pickup.minecraft.ladder":25,"stat.killEntity.Skeleton":2,"stat.killEntity.Spider":5,"stat.mobKills":28,"stat.pickup.minecraft.diamond_boots":1,"stat.pickup.minecraft.quartz":10,"stat.craftItem.minecraft.fence":51,"stat.breakItem.minecraft.iron_axe":1,"stat.pickup.minecraft.diamond":46,"stat.mineBlock.minecraft.leaves":77,"stat.pickup.minecraft.torch":28,"stat.mineBlock.minecraft.stone":1109}