{"stat.useItem.minecraft.iron_axe":153,"stat.leaveGame":2,"stat.mineBlock.minecraft.cobblestone":1,"stat.mineBlock.minecraft.yellow_flower":11,"stat.swimOneCm":16534,"stat.pickup.minecraft.porkchop":33,"stat.useItem.minecraft.dirt":234,"stat.drop.minecraft.poisonous_potato":2,"stat.craftItem.minecraft.furnace":2,"stat.craftItem.minecraft.cooked_beef":4,"stat.pickup.minecraft.cobblestone":66,"stat.drop.minecraft.fence":1,"stat.flyOneCm":199756,"stat.craftItem.minecraft.iron_shovel":2,"stat.mineBlock.minecraft.snow_layer":75,"stat.drop.minecraft.wheat_seeds":7,"stat.useItem.minecraft.cooked_beef":1,"stat.timeSinceDeath":100544,"stat.useItem.minecraft.iron_shovel":267,"stat.pickup.minecraft.double_plant":4,"stat.useItem.minecraft.oak_stairs":3,"stat.furnaceInteraction":11,"stat.drop.minecraft.dirt":7,"stat.mineBlock.minecraft.coal_ore":31,"stat.drop.minecraft.red_flower":26,"stat.pickup.minecraft.beef":4,"stat.useItem.minecraft.cooked_mutton":1,"stat.sprintOneCm":237814,"stat.pickup.minecraft.iron_chestplate":2,"stat.craftItem.minecraft.stick":4,"stat.useItem.minecraft.bed":1,"stat.useItem.minecraft.snowball":132,"stat.mineBlock.minecraft.fence":1,"stat.useItem.minecraft.diamond_pickaxe":97,"stat.pickup.minecraft.golden_carrot":2,"stat.useItem.minecraft.carrot":10,"stat.drop":16,"stat.playOneMinute":100544,"stat.breakItem.minecraft.iron_shovel":1,"stat.pickup.minecraft.snowball":140,"stat.drop.minecraft.bread":5,"stat.mineBlock.minecraft.tallgrass":462,"stat.diveOneCm":8643,"stat.chestOpened":41,"stat.craftItem.minecraft.cooked_porkchop":13,"stat.jump":947,"stat.pickup.minecraft.fence":1,"stat.pickup.minecraft.coal":31,"stat.pickup.minecraft.iron_helmet":1,"stat.fallOneCm":18185,"stat.pickup.minecraft.carrot":30,"stat.useItem.minecraft.stone_axe":60,"stat.craftItem.minecraft.bread":5,"stat.crouchOneCm":5860,"stat.craftItem.minecraft.chest":2,"stat.pickup.minecraft.dirt":242,"stat.craftingTableInteraction":11,"stat.damageTaken":125,"stat.mineBlock.minecraft.red_flower":44,"stat.useItem.minecraft.furnace":2,"stat.pickup.minecraft.reeds":7,"stat.pickup.minecraft.iron_leggings":1,"stat.pickup.minecraft.bed":1,"stat.pickup.minecraft.wheat_seeds":45,"stat.pickup.minecraft.potato":21,"stat.breakItem.minecraft.stone_axe":1,"stat.damageDealt":1734,"stat.sleepInBed":6,"stat.craftItem.minecraft.oak_stairs":4,"stat.killEntity.Cow":2,"stat.mineBlock.minecraft.dirt":235,"stat.useItem.minecraft.crafting_table":1,"stat.killEntity.Pig":14,"stat.pickup.minecraft.poisonous_potato":2,"stat.walkOneCm":235668,"stat.useItem.minecraft.chest":2,"stat.useItem.minecraft.log":2,"stat.useItem.minecraft.cobblestone":9,"stat.craftItem.minecraft.crafting_table":1,"stat.mineBlock.minecraft.double_plant":34,"stat.pickup.minecraft.log":150,"stat.drop.minecraft.iron_chestplate":1,"stat.drop.minecraft.sapling":6,"stat.pickup.minecraft.sapling":37,"stat.pickup.minecraft.apple":3,"stat.craftItem.minecraft.planks":44,"stat.mobKills":16,"stat.mineBlock.minecraft.log":150,"stat.mineBlock.minecraft.leaves":77,"stat.pickup.minecraft.red_flower":44,"stat.sneakTime":1827,"stat.drop.minecraft.yellow_flower":5,"stat.pickup.minecraft.yellow_flower":10,"stat.mineBlock.minecraft.stone":65}