{"stat.chestOpened":19,"stat.pickup.minecraft.double_plant":4,"stat.walkOneCm":133547,"stat.useItem.minecraft.iron_axe":106,"stat.leaveGame":1,"stat.mineBlock.minecraft.cobblestone":1,"stat.useItem.minecraft.log":2,"stat.useItem.minecraft.cobblestone":9,"stat.furnaceInteraction":8,"stat.mineBlock.minecraft.yellow_flower":6,"stat.mineBlock.minecraft.double_plant":25,"stat.mineBlock.minecraft.coal_ore":31,"stat.drop.minecraft.red_flower":6,"stat.pickup.minecraft.log":124,"stat.jump":589,"stat.swimOneCm":14595,"stat.pickup.minecraft.fence":1,"stat.pickup.minecraft.coal":31,"stat.fallOneCm":12691,"stat.pickup.minecraft.beef":1,"stat.pickup.minecraft.carrot":30,"stat.useItem.minecraft.stone_axe":60,"stat.pickup.minecraft.porkchop":20,"stat.craftItem.minecraft.bread":5,"stat.crouchOneCm":62,"stat.pickup.minecraft.sapling":31,"stat.pickup.minecraft.dirt":30,"stat.useItem.minecraft.dirt":29,"stat.sprintOneCm":161127,"stat.pickup.minecraft.iron_chestplate":1,"stat.pickup.minecraft.apple":3,"stat.craftingTableInteraction":4,"stat.drop.minecraft.poisonous_potato":2,"stat.craftItem.minecraft.furnace":1,"stat.mineBlock.minecraft.fence":1,"stat.damageTaken":60,"stat.useItem.minecraft.diamond_pickaxe":97,"stat.mineBlock.minecraft.red_flower":41,"stat.pickup.minecraft.golden_carrot":2,"stat.useItem.minecraft.carrot":10,"stat.useItem.minecraft.furnace":1,"stat.craftItem.minecraft.cooked_beef":4,"stat.mobKills":10,"stat.pickup.minecraft.cobblestone":66,"stat.mineBlock.minecraft.log":124,"stat.drop.minecraft.fence":1,"stat.pickup.minecraft.reeds":7,"stat.pickup.minecraft.iron_leggings":1,"stat.flyOneCm":144085,"stat.pickup.minecraft.wheat_seeds":39,"stat.drop":8,"stat.mineBlock.minecraft.leaves":67,"stat.pickup.minecraft.potato":21,"stat.playOneMinute":40349,"stat.drop.minecraft.wheat_seeds":1,"stat.breakItem.minecraft.stone_axe":1,"stat.pickup.minecraft.red_flower":42,"stat.useItem.minecraft.cooked_beef":1,"stat.sneakTime":44,"stat.damageDealt":1124,"stat.sleepInBed":3,"stat.timeSinceDeath":40349,"stat.drop.minecraft.bread":5,"stat.pickup.minecraft.yellow_flower":5,"stat.killEntity.Cow":1,"stat.mineBlock.minecraft.dirt":31,"stat.killEntity.Pig":9,"stat.mineBlock.minecraft.stone":65,"stat.mineBlock.minecraft.tallgrass":384,"stat.diveOneCm":8643,"stat.pickup.minecraft.poisonous_potato":2}