{"stat.useItem.minecraft.iron_axe":153,"stat.leaveGame":2,"stat.mineBlock.minecraft.cobblestone":69,"stat.mineBlock.minecraft.yellow_flower":11,"stat.swimOneCm":16534,"stat.pickup.minecraft.porkchop":33,"stat.breakItem.minecraft.iron_pickaxe":2,"stat.useItem.minecraft.dirt":301,"stat.drop.minecraft.poisonous_potato":2,"stat.craftItem.minecraft.furnace":2,"stat.craftItem.minecraft.cooked_beef":4,"stat.pickup.minecraft.cobblestone":826,"stat.drop.minecraft.fence":1,"stat.flyOneCm":221575,"stat.craftItem.minecraft.iron_shovel":2,"stat.mineBlock.minecraft.snow_layer":86,"stat.drop.minecraft.wheat_seeds":7,"stat.useItem.minecraft.cooked_beef":1,"stat.timeSinceDeath":150044,"stat.useItem.minecraft.iron_pickaxe":497,"stat.useItem.minecraft.iron_shovel":376,"stat.pickup.minecraft.double_plant":4,"stat.useItem.minecraft.oak_stairs":13,"stat.furnaceInteraction":11,"stat.drop.minecraft.dirt":7,"stat.useItem.minecraft.cooked_porkchop":5,"stat.mineBlock.minecraft.coal_ore":54,"stat.drop.minecraft.red_flower":26,"stat.pickup.minecraft.string":2,"stat.pickup.minecraft.beef":4,"stat.useItem.minecraft.cooked_mutton":1,"stat.sprintOneCm":294637,"stat.pickup.minecraft.iron_chestplate":2,"stat.useItem.minecraft.stone_stairs":52,"stat.craftItem.minecraft.stick":12,"stat.useItem.minecraft.bed":1,"stat.pickup.minecraft.stone_stairs":4,"stat.useItem.minecraft.snowball":132,"stat.mineBlock.minecraft.fence":1,"stat.useItem.minecraft.diamond_pickaxe":412,"stat.pickup.minecraft.golden_carrot":2,"stat.useItem.minecraft.carrot":10,"stat.mineBlock.minecraft.oak_stairs":2,"stat.drop":17,"stat.playOneMinute":150044,"stat.breakItem.minecraft.iron_shovel":1,"stat.craftItem.minecraft.iron_pickaxe":2,"stat.killEntity.Zombie":1,"stat.pickup.minecraft.snowball":162,"stat.drop.minecraft.bread":5,"stat.drop.minecraft.iron_ingot":1,"stat.mineBlock.minecraft.tallgrass":462,"stat.diveOneCm":8643,"stat.chestOpened":46,"stat.craftItem.minecraft.cooked_porkchop":13,"stat.jump":1256,"stat.pickup.minecraft.fence":1,"stat.pickup.minecraft.coal":52,"stat.pickup.minecraft.iron_helmet":1,"stat.fallOneCm":26875,"stat.pickup.minecraft.iron_ingot":2,"stat.pickup.minecraft.carrot":30,"stat.useItem.minecraft.stone_axe":60,"stat.craftItem.minecraft.bread":5,"stat.crouchOneCm":13436,"stat.craftItem.minecraft.chest":2,"stat.craftItem.minecraft.torch":16,"stat.pickup.minecraft.dirt":338,"stat.craftingTableInteraction":15,"stat.mineBlock.minecraft.stone_stairs":4,"stat.damageTaken":605,"stat.mineBlock.minecraft.red_flower":44,"stat.mineBlock.minecraft.torch":1,"stat.useItem.minecraft.furnace":2,"stat.pickup.minecraft.reeds":7,"stat.pickup.minecraft.iron_leggings":1,"stat.pickup.minecraft.bed":1,"stat.pickup.minecraft.wheat_seeds":45,"stat.pickup.minecraft.potato":21,"stat.pickup.minecraft.oak_stairs":2,"stat.breakItem.minecraft.stone_axe":1,"stat.damageDealt":2188,"stat.sleepInBed":7,"stat.craftItem.minecraft.oak_stairs":12,"stat.killEntity.Cow":2,"stat.mineBlock.minecraft.dirt":330,"stat.useItem.minecraft.crafting_table":1,"stat.killEntity.Pig":14,"stat.pickup.minecraft.poisonous_potato":2,"stat.walkOneCm":441874,"stat.useItem.minecraft.torch":4,"stat.useItem.minecraft.chest":2,"stat.craftItem.minecraft.stone_stairs":64,"stat.useItem.minecraft.log":2,"stat.useItem.minecraft.cobblestone":348,"stat.craftItem.minecraft.crafting_table":1,"stat.mineBlock.minecraft.double_plant":34,"stat.pickup.minecraft.log":192,"stat.drop.minecraft.iron_chestplate":1,"stat.drop.minecraft.sapling":6,"stat.pickup.minecraft.sapling":37,"stat.pickup.minecraft.apple":3,"stat.craftItem.minecraft.planks":44,"stat.killEntity.Spider":1,"stat.mobKills":18,"stat.mineBlock.minecraft.log":150,"stat.mineBlock.minecraft.leaves":77,"stat.pickup.minecraft.torch":1,"stat.pickup.minecraft.red_flower":44,"stat.sneakTime":4155,"stat.drop.minecraft.yellow_flower":5,"stat.pickup.minecraft.yellow_flower":10,"stat.mineBlock.minecraft.stone":764}