{"stat.pickup.minecraft.bone":2,"stat.useItem.minecraft.iron_axe":153,"stat.leaveGame":2,"stat.mineBlock.minecraft.cobblestone":164,"stat.mineBlock.minecraft.yellow_flower":11,"stat.swimOneCm":17249,"stat.pickup.minecraft.cooked_porkchop":43,"stat.pickup.minecraft.porkchop":33,"stat.breakItem.minecraft.iron_pickaxe":2,"stat.useItem.minecraft.dirt":303,"stat.useItem.minecraft.water_bucket":2,"stat.drop.minecraft.poisonous_potato":2,"stat.craftItem.minecraft.furnace":2,"stat.craftItem.minecraft.cooked_beef":4,"stat.pickup.minecraft.cobblestone":1637,"stat.drop.minecraft.fence":1,"stat.flyOneCm":243173,"stat.craftItem.minecraft.iron_shovel":2,"stat.mineBlock.minecraft.snow_layer":95,"stat.drop.minecraft.wheat_seeds":7,"stat.useItem.minecraft.cooked_beef":1,"stat.timeSinceDeath":11667,"stat.useItem.minecraft.iron_pickaxe":497,"stat.drop.minecraft.diamond":1,"stat.useItem.minecraft.iron_shovel":385,"stat.pickup.minecraft.double_plant":4,"stat.useItem.minecraft.oak_stairs":19,"stat.furnaceInteraction":11,"stat.drop.minecraft.dirt":7,"stat.useItem.minecraft.cooked_porkchop":8,"stat.pickup.minecraft.iron_shovel":3,"stat.mineBlock.minecraft.coal_ore":54,"stat.drop.minecraft.red_flower":26,"stat.pickup.minecraft.string":7,"stat.pickup.minecraft.beef":4,"stat.useItem.minecraft.cooked_mutton":1,"stat.entityKilledBy.Skeleton":1,"stat.sprintOneCm":375459,"stat.pickup.minecraft.iron_chestplate":2,"stat.mineBlock.minecraft.stone_slab":2,"stat.useItem.minecraft.stone_stairs":190,"stat.craftItem.minecraft.stick":12,"stat.useItem.minecraft.stone_slab":51,"stat.useItem.minecraft.bed":1,"stat.pickup.minecraft.stone_stairs":81,"stat.useItem.minecraft.snowball":132,"stat.mineBlock.minecraft.fence":1,"stat.useItem.minecraft.diamond_pickaxe":538,"stat.pickup.minecraft.golden_carrot":2,"stat.useItem.minecraft.carrot":10,"stat.pickup.minecraft.saddle":1,"stat.useItem.minecraft.bucket":1,"stat.mineBlock.minecraft.oak_stairs":2,"stat.deaths":3,"stat.drop":19,"stat.playOneMinute":186944,"stat.breakItem.minecraft.iron_shovel":1,"stat.craftItem.minecraft.iron_pickaxe":2,"stat.killEntity.Zombie":1,"stat.pickup.minecraft.snowball":288,"stat.drop.minecraft.bread":5,"stat.drop.minecraft.iron_ingot":1,"stat.mineBlock.minecraft.tallgrass":462,"stat.diveOneCm":14190,"stat.chestOpened":51,"stat.craftItem.minecraft.cooked_porkchop":13,"stat.drop.minecraft.cooked_porkchop":13,"stat.jump":1630,"stat.pickup.minecraft.fence":1,"stat.pickup.minecraft.coal":103,"stat.pickup.minecraft.iron_helmet":1,"stat.fallOneCm":41854,"stat.pickup.minecraft.iron_ingot":41,"stat.pickup.minecraft.carrot":30,"stat.useItem.minecraft.stone_axe":60,"stat.craftItem.minecraft.bread":5,"stat.crouchOneCm":25630,"stat.craftItem.minecraft.chest":2,"stat.craftItem.minecraft.torch":16,"stat.pickup.minecraft.dirt":370,"stat.craftingTableInteraction":22,"stat.mineBlock.minecraft.stone_stairs":23,"stat.damageTaken":1385,"stat.mineBlock.minecraft.red_flower":44,"stat.mineBlock.minecraft.torch":1,"stat.useItem.minecraft.furnace":2,"stat.pickup.minecraft.reeds":7,"stat.pickup.minecraft.iron_leggings":1,"stat.pickup.minecraft.bed":1,"stat.pickup.minecraft.wheat_seeds":45,"stat.pickup.minecraft.potato":21,"stat.pickup.minecraft.oak_stairs":13,"stat.breakItem.minecraft.stone_axe":1,"stat.damageDealt":2400,"stat.sleepInBed":9,"stat.craftItem.minecraft.oak_stairs":28,"stat.killEntity.Cow":2,"stat.mineBlock.minecraft.dirt":333,"stat.useItem.minecraft.crafting_table":1,"stat.killEntity.Pig":14,"stat.pickup.minecraft.poisonous_potato":2,"stat.craftItem.minecraft.stone_slab":54,"stat.walkOneCm":619958,"stat.useItem.minecraft.torch":4,"stat.useItem.minecraft.chest":2,"stat.pickup.minecraft.diamond_pickaxe":3,"stat.craftItem.minecraft.stone_stairs":168,"stat.useItem.minecraft.log":2,"stat.useItem.minecraft.cobblestone":746,"stat.craftItem.minecraft.crafting_table":1,"stat.mineBlock.minecraft.double_plant":34,"stat.pickup.minecraft.log":312,"stat.drop.minecraft.iron_chestplate":1,"stat.drop.minecraft.sapling":6,"stat.pickup.minecraft.sapling":37,"stat.pickup.minecraft.apple":3,"stat.craftItem.minecraft.planks":68,"stat.killEntity.Spider":2,"stat.mobKills":19,"stat.mineBlock.minecraft.log":150,"stat.pickup.minecraft.diamond":3,"stat.mineBlock.minecraft.leaves":77,"stat.pickup.minecraft.torch":14,"stat.pickup.minecraft.red_flower":44,"stat.sneakTime":7199,"stat.drop.minecraft.yellow_flower":5,"stat.pickup.minecraft.stone_slab":3,"stat.pickup.minecraft.yellow_flower":10,"stat.mineBlock.minecraft.stone":764}