{"stat.chestOpened":12,"stat.walkOneCm":89066,"stat.useItem.minecraft.iron_axe":6,"stat.leaveGame":1,"stat.mineBlock.minecraft.cobblestone":1,"stat.useItem.minecraft.cobblestone":9,"stat.mineBlock.minecraft.yellow_flower":6,"stat.mineBlock.minecraft.double_plant":20,"stat.mineBlock.minecraft.coal_ore":31,"stat.drop.minecraft.red_flower":6,"stat.pickup.minecraft.log":19,"stat.jump":453,"stat.swimOneCm":13173,"stat.pickup.minecraft.fence":1,"stat.pickup.minecraft.coal":31,"stat.fallOneCm":9138,"stat.pickup.minecraft.carrot":30,"stat.useItem.minecraft.stone_axe":18,"stat.pickup.minecraft.porkchop":2,"stat.craftItem.minecraft.bread":5,"stat.crouchOneCm":62,"stat.pickup.minecraft.sapling":10,"stat.pickup.minecraft.dirt":30,"stat.useItem.minecraft.dirt":29,"stat.sprintOneCm":114040,"stat.pickup.minecraft.apple":1,"stat.craftingTableInteraction":3,"stat.drop.minecraft.poisonous_potato":2,"stat.mineBlock.minecraft.fence":1,"stat.damageTaken":56,"stat.useItem.minecraft.diamond_pickaxe":97,"stat.mineBlock.minecraft.red_flower":22,"stat.useItem.minecraft.carrot":6,"stat.mobKills":1,"stat.pickup.minecraft.cobblestone":66,"stat.mineBlock.minecraft.log":19,"stat.drop.minecraft.fence":1,"stat.pickup.minecraft.reeds":7,"stat.flyOneCm":120800,"stat.pickup.minecraft.wheat_seeds":36,"stat.drop":7,"stat.mineBlock.minecraft.leaves":8,"stat.pickup.minecraft.potato":21,"stat.playOneMinute":28649,"stat.drop.minecraft.wheat_seeds":1,"stat.pickup.minecraft.red_flower":23,"stat.sneakTime":44,"stat.damageDealt":194,"stat.sleepInBed":2,"stat.timeSinceDeath":28649,"stat.pickup.minecraft.yellow_flower":5,"stat.mineBlock.minecraft.dirt":31,"stat.killEntity.Pig":1,"stat.mineBlock.minecraft.stone":65,"stat.mineBlock.minecraft.tallgrass":358,"stat.diveOneCm":8503,"stat.pickup.minecraft.poisonous_potato":2}