{"stat.pickup.minecraft.bone":4,"stat.useItem.minecraft.iron_axe":163,"stat.leaveGame":3,"stat.mineBlock.minecraft.cobblestone":207,"stat.mineBlock.minecraft.yellow_flower":11,"stat.swimOneCm":17577,"stat.useItem.minecraft.snow":66,"stat.climbOneCm":4585,"stat.pickup.minecraft.cooked_porkchop":57,"stat.pickup.minecraft.porkchop":33,"stat.breakItem.minecraft.iron_pickaxe":2,"stat.useItem.minecraft.dirt":402,"stat.useItem.minecraft.water_bucket":2,"stat.drop.minecraft.poisonous_potato":2,"stat.craftItem.minecraft.furnace":2,"stat.pickup.minecraft.bucket":1,"stat.craftItem.minecraft.cooked_beef":4,"stat.pickup.minecraft.cobblestone":1966,"stat.drop.minecraft.fence":1,"stat.pickup.minecraft.diamond_leggings":1,"stat.flyOneCm":276764,"stat.craftItem.minecraft.iron_shovel":2,"stat.mineBlock.minecraft.snow_layer":340,"stat.drop.minecraft.wheat_seeds":7,"stat.useItem.minecraft.cooked_beef":1,"stat.timeSinceDeath":1253,"stat.useItem.minecraft.iron_pickaxe":497,"stat.drop.minecraft.diamond":1,"stat.useItem.minecraft.iron_shovel":385,"stat.pickup.minecraft.double_plant":4,"stat.pickup.minecraft.ghast_tear":1,"stat.useItem.minecraft.oak_stairs":19,"stat.furnaceInteraction":11,"stat.drop.minecraft.dirt":7,"stat.useItem.minecraft.cooked_porkchop":12,"stat.pickup.minecraft.iron_shovel":3,"stat.pickup.minecraft.diamond_shovel":2,"stat.mineBlock.minecraft.coal_ore":56,"stat.pickup.minecraft.shield":1,"stat.drop.minecraft.red_flower":26,"stat.pickup.minecraft.string":8,"stat.mineBlock.minecraft.ladder":1,"stat.pickup.minecraft.beef":4,"stat.useItem.minecraft.cooked_mutton":1,"stat.entityKilledBy.Skeleton":1,"stat.sprintOneCm":456320,"stat.useItem.minecraft.diamond_shovel":431,"stat.pickup.minecraft.paper":3,"stat.pickup.minecraft.iron_chestplate":2,"stat.mineBlock.minecraft.stone_slab":2,"stat.useItem.minecraft.stone_stairs":190,"stat.craftItem.minecraft.stick":80,"stat.useItem.minecraft.stone_slab":57,"stat.useItem.minecraft.bed":1,"stat.pickup.minecraft.stone_stairs":82,"stat.useItem.minecraft.snowball":272,"stat.mineBlock.minecraft.fence":1,"stat.useItem.minecraft.diamond_pickaxe":701,"stat.pickup.minecraft.golden_carrot":2,"stat.useItem.minecraft.carrot":10,"stat.drop.minecraft.snowball":10,"stat.pickup.minecraft.saddle":2,"stat.useItem.minecraft.bucket":1,"stat.entityKilledBy.Creeper":1,"stat.mineBlock.minecraft.oak_stairs":2,"stat.deaths":5,"stat.drop":22,"stat.playOneMinute":225690,"stat.drop.minecraft.string":1,"stat.breakItem.minecraft.iron_shovel":1,"stat.useItem.minecraft.ladder":8,"stat.craftItem.minecraft.iron_pickaxe":2,"stat.killEntity.Zombie":3,"stat.pickup.minecraft.snowball":1057,"stat.drop.minecraft.bread":5,"stat.drop.minecraft.iron_ingot":1,"stat.mineBlock.minecraft.tallgrass":462,"stat.diveOneCm":14190,"stat.chestOpened":60,"stat.craftItem.minecraft.ladder":27,"stat.craftItem.minecraft.cooked_porkchop":13,"stat.mineBlock.minecraft.ice":1,"stat.drop.minecraft.cooked_porkchop":13,"stat.jump":2011,"stat.pickup.minecraft.fence":1,"stat.pickup.minecraft.coal":106,"stat.pickup.minecraft.iron_helmet":1,"stat.fallOneCm":52788,"stat.pickup.minecraft.iron_ingot":41,"stat.pickup.minecraft.carrot":30,"stat.useItem.minecraft.stone_axe":60,"stat.craftItem.minecraft.bread":5,"stat.crouchOneCm":27799,"stat.craftItem.minecraft.chest":3,"stat.craftItem.minecraft.torch":16,"stat.pickup.minecraft.dirt":555,"stat.craftingTableInteraction":26,"stat.pickup.minecraft.snow":2,"stat.mineBlock.minecraft.stone_stairs":23,"stat.damageTaken":2535,"stat.pickup.minecraft.leather":16,"stat.mineBlock.minecraft.red_flower":44,"stat.mineBlock.minecraft.torch":7,"stat.useItem.minecraft.furnace":2,"stat.pickup.minecraft.dye":45,"stat.pickup.minecraft.planks":6,"stat.pickup.minecraft.reeds":7,"stat.pickup.minecraft.iron_leggings":1,"stat.pickup.minecraft.bed":1,"stat.craftItem.minecraft.diamond_shovel":1,"stat.mineBlock.minecraft.snow":6,"stat.pickup.minecraft.wheat_seeds":45,"stat.pickup.minecraft.potato":21,"stat.pickup.minecraft.oak_stairs":13,"stat.drop.minecraft.snow":2,"stat.breakItem.minecraft.stone_axe":1,"stat.damageDealt":3358,"stat.sleepInBed":13,"stat.craftItem.minecraft.oak_stairs":28,"stat.killEntity.Cow":2,"stat.mineBlock.minecraft.dirt":507,"stat.useItem.minecraft.crafting_table":1,"stat.killEntity.Pig":14,"stat.pickup.minecraft.poisonous_potato":2,"stat.craftItem.minecraft.stone_slab":54,"stat.pickup.minecraft.flint_and_steel":1,"stat.walkOneCm":789834,"stat.useItem.minecraft.torch":7,"stat.useItem.minecraft.chest":3,"stat.playerKills":1,"stat.pickup.minecraft.stick":3,"stat.pickup.minecraft.diamond_pickaxe":4,"stat.craftItem.minecraft.stone_stairs":168,"stat.useItem.minecraft.log":2,"stat.useItem.minecraft.cobblestone":872,"stat.craftItem.minecraft.crafting_table":1,"stat.mineBlock.minecraft.double_plant":34,"stat.pickup.minecraft.log":358,"stat.drop.minecraft.iron_chestplate":1,"stat.drop.minecraft.sapling":6,"stat.pickup.minecraft.sapling":37,"stat.pickup.minecraft.apple":3,"stat.pickup.minecraft.ladder":25,"stat.killEntity.Skeleton":2,"stat.craftItem.minecraft.planks":124,"stat.craftItem.minecraft.snow":66,"stat.killEntity.Spider":4,"stat.mobKills":25,"stat.pickup.minecraft.diamond_boots":1,"stat.mineBlock.minecraft.log":150,"stat.pickup.minecraft.quartz":10,"stat.pickup.minecraft.diamond":29,"stat.mineBlock.minecraft.leaves":77,"stat.pickup.minecraft.torch":24,"stat.pickup.minecraft.red_flower":44,"stat.sneakTime":8584,"stat.pickup.minecraft.wool":38,"stat.drop.minecraft.yellow_flower":5,"stat.pickup.minecraft.stone_slab":3,"stat.pickup.minecraft.yellow_flower":10,"stat.mineBlock.minecraft.stone":862}