{"stat.pickup.minecraft.bone":4,"stat.useItem.minecraft.iron_axe":163,"stat.leaveGame":3,"stat.mineBlock.minecraft.cobblestone":207,"stat.mineBlock.minecraft.yellow_flower":12,"stat.swimOneCm":23424,"stat.useItem.minecraft.snow":66,"stat.climbOneCm":7414,"stat.useItem.minecraft.planks":1,"stat.pickup.minecraft.cooked_porkchop":57,"stat.pickup.minecraft.porkchop":33,"stat.breakItem.minecraft.iron_pickaxe":2,"stat.useItem.minecraft.dirt":450,"stat.useItem.minecraft.water_bucket":2,"stat.drop.minecraft.poisonous_potato":2,"stat.pickup.minecraft.sand":50,"stat.craftItem.minecraft.furnace":2,"stat.pickup.minecraft.bucket":1,"stat.craftItem.minecraft.cooked_beef":4,"stat.pickup.minecraft.cobblestone":1966,"stat.drop.minecraft.fence":1,"stat.pickup.minecraft.diamond_leggings":1,"stat.flyOneCm":320896,"stat.craftItem.minecraft.iron_shovel":2,"stat.mineBlock.minecraft.snow_layer":342,"stat.mineBlock.minecraft.sand":50,"stat.drop.minecraft.wheat_seeds":13,"stat.useItem.minecraft.cooked_beef":1,"stat.timeSinceDeath":38153,"stat.useItem.minecraft.iron_pickaxe":497,"stat.drop.minecraft.diamond":1,"stat.useItem.minecraft.iron_shovel":385,"stat.pickup.minecraft.double_plant":4,"stat.pickup.minecraft.ghast_tear":1,"stat.craftItem.minecraft.glass_pane":96,"stat.useItem.minecraft.oak_stairs":21,"stat.furnaceInteraction":20,"stat.drop.minecraft.dirt":7,"stat.useItem.minecraft.cooked_porkchop":16,"stat.pickup.minecraft.iron_shovel":3,"stat.pickup.minecraft.diamond_shovel":2,"stat.mineBlock.minecraft.coal_ore":56,"stat.pickup.minecraft.shield":1,"stat.drop.minecraft.red_flower":30,"stat.pickup.minecraft.string":8,"stat.mineBlock.minecraft.ladder":1,"stat.pickup.minecraft.beef":4,"stat.useItem.minecraft.cooked_mutton":1,"stat.pickup.minecraft.furnace":1,"stat.entityKilledBy.Skeleton":1,"stat.sprintOneCm":543413,"stat.useItem.minecraft.diamond_shovel":613,"stat.pickup.minecraft.paper":3,"stat.pickup.minecraft.iron_chestplate":2,"stat.mineBlock.minecraft.stone_slab":10,"stat.useItem.minecraft.fence":54,"stat.useItem.minecraft.stone_stairs":190,"stat.craftItem.minecraft.stick":116,"stat.craftItem.minecraft.wooden_axe":1,"stat.useItem.minecraft.stone_slab":59,"stat.useItem.minecraft.bed":1,"stat.pickup.minecraft.stone_stairs":82,"stat.useItem.minecraft.snowball":308,"stat.mineBlock.minecraft.fence":15,"stat.mineBlock.minecraft.crafting_table":1,"stat.useItem.minecraft.diamond_pickaxe":710,"stat.pickup.minecraft.golden_carrot":2,"stat.useItem.minecraft.carrot":10,"stat.drop.minecraft.snowball":46,"stat.pickup.minecraft.saddle":2,"stat.useItem.minecraft.bucket":1,"stat.entityKilledBy.Creeper":1,"stat.mineBlock.minecraft.oak_stairs":4,"stat.deaths":5,"stat.drop":29,"stat.playOneMinute":262590,"stat.drop.minecraft.string":1,"stat.breakItem.minecraft.iron_shovel":1,"stat.useItem.minecraft.ladder":8,"stat.craftItem.minecraft.iron_pickaxe":2,"stat.killEntity.Zombie":3,"stat.pickup.minecraft.snowball":1097,"stat.drop.minecraft.bread":5,"stat.drop.minecraft.iron_ingot":1,"stat.mineBlock.minecraft.tallgrass":479,"stat.diveOneCm":14190,"stat.chestOpened":89,"stat.craftItem.minecraft.ladder":27,"stat.craftItem.minecraft.cooked_porkchop":13,"stat.mineBlock.minecraft.ice":1,"stat.drop.minecraft.cooked_porkchop":13,"stat.drop.minecraft.apple":3,"stat.jump":2340,"stat.useItem.minecraft.sand":7,"stat.pickup.minecraft.fence":15,"stat.pickup.minecraft.coal":162,"stat.pickup.minecraft.iron_helmet":1,"stat.fallOneCm":57086,"stat.pickup.minecraft.iron_ingot":41,"stat.pickup.minecraft.carrot":30,"stat.useItem.minecraft.stone_axe":60,"stat.craftItem.minecraft.bread":5,"stat.crouchOneCm":27871,"stat.mineBlock.minecraft.chest":2,"stat.craftItem.minecraft.chest":4,"stat.craftItem.minecraft.torch":16,"stat.pickup.minecraft.dirt":600,"stat.craftingTableInteraction":38,"stat.useItem.minecraft.glass":1,"stat.pickup.minecraft.snow":2,"stat.mineBlock.minecraft.glass_pane":12,"stat.mineBlock.minecraft.stone_stairs":23,"stat.damageTaken":2595,"stat.pickup.minecraft.leather":16,"stat.mineBlock.minecraft.red_flower":48,"stat.mineBlock.minecraft.torch":9,"stat.mineBlock.minecraft.furnace":1,"stat.useItem.minecraft.furnace":2,"stat.pickup.minecraft.dye":45,"stat.pickup.minecraft.planks":6,"stat.pickup.minecraft.reeds":7,"stat.pickup.minecraft.iron_leggings":1,"stat.pickup.minecraft.bed":1,"stat.craftItem.minecraft.diamond_shovel":1,"stat.mineBlock.minecraft.snow":6,"stat.pickup.minecraft.wheat_seeds":51,"stat.pickup.minecraft.potato":21,"stat.pickup.minecraft.oak_stairs":15,"stat.drop.minecraft.snow":2,"stat.breakItem.minecraft.stone_axe":1,"stat.mineBlock.minecraft.glass":1,"stat.damageDealt":3518,"stat.craftItem.minecraft.glass":43,"stat.sleepInBed":14,"stat.craftItem.minecraft.oak_stairs":28,"stat.killEntity.Cow":2,"stat.mineBlock.minecraft.dirt":552,"stat.useItem.minecraft.crafting_table":3,"stat.killEntity.Pig":14,"stat.pickup.minecraft.poisonous_potato":2,"stat.craftItem.minecraft.stone_slab":54,"stat.pickup.minecraft.flint_and_steel":1,"stat.walkOneCm":927285,"stat.useItem.minecraft.torch":8,"stat.useItem.minecraft.chest":6,"stat.playerKills":1,"stat.pickup.minecraft.stick":3,"stat.pickup.minecraft.diamond_pickaxe":4,"stat.craftItem.minecraft.stone_stairs":168,"stat.useItem.minecraft.log":2,"stat.pickup.minecraft.crafting_table":1,"stat.useItem.minecraft.cobblestone":872,"stat.craftItem.minecraft.crafting_table":2,"stat.mineBlock.minecraft.double_plant":34,"stat.pickup.minecraft.log":358,"stat.drop.minecraft.iron_chestplate":1,"stat.drop.minecraft.sapling":6,"stat.pickup.minecraft.sapling":37,"stat.pickup.minecraft.apple":6,"stat.pickup.minecraft.ladder":25,"stat.useItem.minecraft.glass_pane":82,"stat.killEntity.Skeleton":2,"stat.craftItem.minecraft.planks":228,"stat.craftItem.minecraft.snow":66,"stat.killEntity.Spider":5,"stat.mobKills":26,"stat.pickup.minecraft.diamond_boots":1,"stat.mineBlock.minecraft.log":150,"stat.craftItem.minecraft.wooden_door":3,"stat.pickup.minecraft.quartz":10,"stat.craftItem.minecraft.fence":51,"stat.useItem.minecraft.wooden_door":2,"stat.pickup.minecraft.diamond":29,"stat.mineBlock.minecraft.leaves":77,"stat.pickup.minecraft.torch":26,"stat.pickup.minecraft.red_flower":48,"stat.sneakTime":8631,"stat.pickup.minecraft.wool":38,"stat.drop.minecraft.yellow_flower":6,"stat.pickup.minecraft.stone_slab":11,"stat.useItem.minecraft.wooden_axe":18,"stat.pickup.minecraft.yellow_flower":11,"stat.mineBlock.minecraft.stone":862,"stat.pickup.minecraft.chest":2}