{"stat.chestOpened":7,"stat.pickup.minecraft.bone":2,"stat.useItem.minecraft.iron_axe":37,"stat.leaveGame":5,"stat.pickup.minecraft.arrow":1,"stat.mineBlock.minecraft.cobblestone":7,"stat.drop.minecraft.glowstone_dust":1,"stat.craftItem.minecraft.iron_axe":1,"stat.jump":625,"stat.swimOneCm":20262,"stat.pickup.minecraft.coal":188,"stat.fallOneCm":8744,"stat.climbOneCm":1070,"stat.useItem.minecraft.planks":14,"stat.craftItem.minecraft.shield":1,"stat.drop.minecraft.stone":14,"stat.drop.minecraft.cobblestone":2,"stat.pickup.minecraft.carrot":34,"stat.pickup.minecraft.glowstone_dust":1,"stat.useItem.minecraft.stone_axe":71,"stat.crouchOneCm":4824,"stat.craftItem.minecraft.iron_ingot":48,"stat.craftItem.minecraft.torch":4,"stat.breakItem.minecraft.iron_pickaxe":1,"stat.craftItem.minecraft.chest":2,"stat.pickup.minecraft.dirt":48,"stat.useItem.minecraft.dirt":41,"stat.craftItem.minecraft.iron_helmet":1,"stat.pickup.minecraft.iron_boots":1,"stat.useItem.minecraft.water_bucket":4,"stat.craftingTableInteraction":20,"stat.pickup.minecraft.iron_ore":129,"stat.pickup.minecraft.rotten_flesh":7,"stat.craftItem.minecraft.furnace":1,"stat.pickup.minecraft.gold_ore":5,"stat.craftItem.minecraft.stone_axe":1,"stat.damageTaken":763,"stat.pickup.minecraft.leather":6,"stat.drop.minecraft.bone":2,"stat.pickup.minecraft.bucket":1,"stat.mineBlock.minecraft.red_flower":5,"stat.craftItem.minecraft.stone_pickaxe":1,"stat.mineBlock.minecraft.furnace":2,"stat.mineBlock.minecraft.torch":22,"stat.useItem.minecraft.wooden_pickaxe":107,"stat.useItem.minecraft.furnace":3,"stat.pickup.minecraft.cobblestone":245,"stat.pickup.minecraft.planks":3,"stat.flyOneCm":43526,"stat.pickup.minecraft.wheat_seeds":101,"stat.mineBlock.minecraft.sand":2,"stat.pickup.minecraft.potato":34,"stat.killEntity.Witch":1,"stat.useItem.minecraft.stone_pickaxe":139,"stat.craftItem.minecraft.iron_leggings":1,"stat.damageDealt":2269,"stat.pickup.minecraft.redstone":19,"stat.mineBlock.minecraft.iron_ore":101,"stat.sleepInBed":2,"stat.timeSinceDeath":83351,"stat.killEntity.Cow":2,"stat.mineBlock.minecraft.dirt":33,"stat.useItem.minecraft.crafting_table":6,"stat.drop.minecraft.log":13,"stat.useItem.minecraft.iron_pickaxe":252,"stat.craftItem.minecraft.wooden_pickaxe":1,"stat.pickup.minecraft.mutton":7,"stat.drop.minecraft.stick":1,"stat.walkOneCm":236768,"stat.craftItem.minecraft.bed":1,"stat.useItem.minecraft.torch":29,"stat.useItem.minecraft.chest":2,"stat.useItem.minecraft.potato":1,"stat.pickup.minecraft.stick":2,"stat.drop.minecraft.rotten_flesh":7,"stat.useItem.minecraft.log":1,"stat.pickup.minecraft.crafting_table":4,"stat.useItem.minecraft.cobblestone":103,"stat.craftItem.minecraft.crafting_table":2,"stat.furnaceInteraction":19,"stat.drop.minecraft.dirt":7,"stat.mineBlock.minecraft.double_plant":15,"stat.mineBlock.minecraft.coal_ore":188,"stat.talkedToVillager":1,"stat.drop.minecraft.red_flower":9,"stat.pickup.minecraft.log":56,"stat.pickup.minecraft.string":3,"stat.pickup.minecraft.beef":4,"stat.pickup.minecraft.furnace":2,"stat.useItem.minecraft.cooked_mutton":1,"stat.drop.minecraft.iron_ore":17,"stat.pickup.minecraft.stone":55,"stat.craftItem.minecraft.iron_chestplate":1,"stat.drop.minecraft.sapling":2,"stat.pickup.minecraft.sapling":3,"stat.sprintOneCm":106436,"stat.drop.minecraft.leather":3,"stat.craftItem.minecraft.stick":16,"stat.killEntity.Skeleton":2,"stat.useItem.minecraft.bed":1,"stat.craftItem.minecraft.planks":56,"stat.mineBlock.minecraft.diamond_ore":3,"stat.mineBlock.minecraft.crafting_table":4,"stat.killEntity.Spider":3,"stat.useItem.minecraft.diamond_pickaxe":277,"stat.useItem.minecraft.carrot":19,"stat.mobKills":14,"stat.mineBlock.minecraft.log":57,"stat.useItem.minecraft.bucket":5,"stat.mineBlock.minecraft.planks":3,"stat.drop":23,"stat.pickup.minecraft.diamond":3,"stat.mineBlock.minecraft.leaves":4,"stat.playOneMinute":83351,"stat.pickup.minecraft.torch":27,"stat.drop.minecraft.string":3,"stat.killEntity.Sheep":3,"stat.pickup.minecraft.red_flower":9,"stat.mineBlock.minecraft.redstone_ore":4,"stat.sneakTime":2018,"stat.craftItem.minecraft.iron_pickaxe":1,"stat.pickup.minecraft.wool":3,"stat.craftItem.minecraft.diamond_pickaxe":1,"stat.drop.minecraft.arrow":1,"stat.killEntity.Zombie":1,"stat.drop.minecraft.torch":1,"stat.mineBlock.minecraft.stone":353,"stat.mineBlock.minecraft.gold_ore":6,"stat.mineBlock.minecraft.tallgrass":344,"stat.diveOneCm":28705,"stat.pickup.minecraft.wheat":16,"stat.breakItem.minecraft.wooden_pickaxe":1,"stat.pickup.minecraft.cooked_mutton":2}